{"stats":{"minecraft:used":{"minecraft:item_frame":2,"minecraft:light":7,"minecraft:anvil":1,"minecraft:command_block":2,"minecraft:grass_block":8,"minecraft:repeating_command_block":1},"minecraft:dropped":{"minecraft:wheat":1},"minecraft:mined":{"minecraft:birch_leaves":1},"minecraft:picked_up":{"minecraft:wheat":1},"minecraft:custom":{"minecraft:time_since_rest":16734,"minecraft:crouch_one_cm":250,"minecraft:sprint_one_cm":22807,"minecraft:play_time":16734,"minecraft:damage_taken":120,"minecraft:walk_one_cm":28463,"minecraft:sneak_time":197,"minecraft:walk_under_water_one_cm":1787,"minecraft:interact_with_anvil":1,"minecraft:drop":1,"minecraft:jump":143,"minecraft:damage_dealt":20,"minecraft:leave_game":2,"minecraft:walk_on_water_one_cm":1238,"minecraft:time_since_death":16734,"minecraft:total_world_time":8949,"minecraft:swim_one_cm":147057,"minecraft:fall_one_cm":5033,"minecraft:fly_one_cm":22871}},"DataVersion":3839}