{
  "minecraft:adventure/adventuring_time": {
    "criteria": {
      "minecraft:deep_cold_ocean": "2024-02-14 20:35:13 +0000",
      "minecraft:cold_ocean": "2024-02-14 20:36:16 +0000",
      "minecraft:beach": "2024-02-14 20:32:27 +0000",
      "minecraft:desert": "2024-02-14 20:31:51 +0000",
      "minecraft:sunflower_plains": "2024-05-15 11:21:39 +0100",
      "minecraft:river": "2024-02-14 20:31:48 +0000",
      "minecraft:birch_forest": "2024-02-14 20:36:56 +0000",
      "minecraft:plains": "2024-02-14 20:31:26 +0000"
    },
    "done": false
  },
  "minecraft:recipes/transportation/jungle_boat": {
    "criteria": {
      "in_water": "2024-02-14 20:31:46 +0000"
    },
    "done": true
  },
  "minecraft:recipes/transportation/birch_boat": {
    "criteria": {
      "in_water": "2024-02-14 20:31:46 +0000"
    },
    "done": true
  },
  "minecraft:recipes/transportation/spruce_boat": {
    "criteria": {
      "in_water": "2024-02-14 20:31:46 +0000"
    },
    "done": true
  },
  "minecraft:recipes/transportation/oak_boat": {
    "criteria": {
      "in_water": "2024-02-14 20:31:46 +0000"
    },
    "done": true
  },
  "minecraft:recipes/transportation/acacia_boat": {
    "criteria": {
      "in_water": "2024-02-14 20:31:46 +0000"
    },
    "done": true
  },
  "minecraft:recipes/transportation/dark_oak_boat": {
    "criteria": {
      "in_water": "2024-02-14 20:31:46 +0000"
    },
    "done": true
  },
  "minecraft:recipes/decorations/glow_item_frame": {
    "criteria": {
      "has_item_frame": "2024-05-15 11:25:42 +0100"
    },
    "done": true
  },
  "minecraft:recipes/decorations/crafting_table": {
    "criteria": {
      "unlock_right_away": "2024-05-15 11:21:28 +0100"
    },
    "done": true
  },
  "minecraft:recipes/food/bread": {
    "criteria": {
      "has_wheat": "2024-05-15 11:27:31 +0100"
    },
    "done": true
  },
  "minecraft:recipes/building_blocks/hay_block": {
    "criteria": {
      "has_wheat": "2024-05-15 11:27:31 +0100"
    },
    "done": true
  },
  "DataVersion": 3839
}